[

  {
    "country": "GT",
    "id": 3589799,
    "coord": {
      "lat": 14.96667,
      "lon": -91.800003
    },
    "name": "Municipio de San Marcos"
  },
  {
    "country": "GT",
    "id": 3595722,
    "coord": {
      "lat": 16.923809,
      "lon": -89.897087
    },
    "name": "Municipio de Flores"
  },
  {
    "country": "GT",
    "id": 3595528,
    "coord": {
      "lat": 15.5,
      "lon": -90.25
    },
    "name": "Republic of Guatemala"
  },
  {
    "country": "GT",
    "id": 3589172,
    "coord": {
      "lat": 14.16667,
      "lon": -90.300003
    },
    "name": "Departamento de Santa Rosa"
  },
  {
    "country": "GT",
    "id": 3592070,
    "coord": {
      "lat": 14.35,
      "lon": -90.316673
    },
    "name": "Ojo de Agua"
  },
  {
    "country": "GT",
    "id": 3587902,
    "coord": {
      "lat": 14.52694,
      "lon": -90.587502
    },
    "name": "Villa Nueva"
  },
  {
    "country": "GT",
    "id": 3595530,
    "coord": {
      "lat": 14.66667,
      "lon": -90.5
    },
    "name": "Departamento de Guatemala"
  },
  {
    "country": "GT",
    "id": 3594143,
    "coord": {
      "lat": 14.8,
      "lon": -91.816673
    },
    "name": "La Reforma"
  },
  {
    "country": "GT",
    "id": 3598655,
    "coord": {
      "lat": 14.93333,
      "lon": -91.116669
    },
    "name": "Chichicastenango"
  },
  {
    "country": "GT",
    "id": 3587923,
    "coord": {
      "lat": 14.48139,
      "lon": -90.53167
    },
    "name": "Villa Canales"
  },
  {
    "country": "GT",
    "id": 3588653,
    "coord": {
      "lat": 14.64639,
      "lon": -90.733887
    },
    "name": "Sumpango"
  },
  {
    "country": "GT",
    "id": 3588698,
    "coord": {
      "lat": 14.76667,
      "lon": -91.183327
    },
    "name": "Solola"
  },
  {
    "country": "GT",
    "id": 3589101,
    "coord": {
      "lat": 14.63528,
      "lon": -90.676392
    },
    "name": "Santiago Sacatepequez"
  },
  {
    "country": "GT",
    "id": 3589626,
    "coord": {
      "lat": 14.96667,
      "lon": -91.76667
    },
    "name": "San Pedro Sacatepequez"
  },
  {
    "country": "GT",
    "id": 3589671,
    "coord": {
      "lat": 14.58333,
      "lon": -91.449997
    },
    "name": "San Pablo Jocopilas"
  },
  {
    "country": "GT",
    "id": 3589805,
    "coord": {
      "lat": 14.96667,
      "lon": -91.800003
    },
    "name": "San Marcos"
  },
  {
    "country": "GT",
    "id": 3590316,
    "coord": {
      "lat": 15.38333,
      "lon": -90.400002
    },
    "name": "San Cristobal Verapaz"
  },
  {
    "country": "GT",
    "id": 3590386,
    "coord": {
      "lat": 16.912889,
      "lon": -89.90979
    },
    "name": "Municipio de San Benito"
  },
  {
    "country": "GT",
    "id": 3590389,
    "coord": {
      "lat": 16.91321,
      "lon": -89.908684
    },
    "name": "San Benito"
  },
  {
    "country": "GT",
    "id": 3590856,
    "coord": {
      "lat": 14.53333,
      "lon": -91.683327
    },
    "name": "Municipio de Retalhuleu"
  },
  {
    "country": "GT",
    "id": 3590858,
    "coord": {
      "lat": 14.53333,
      "lon": -91.683327
    },
    "name": "Retalhuleu"
  },
  {
    "country": "GT",
    "id": 3591061,
    "coord": {
      "lat": 15.71667,
      "lon": -88.599998
    },
    "name": "Municipio de Puerto Barrios"
  },
  {
    "country": "GT",
    "id": 3591062,
    "coord": {
      "lat": 15.71667,
      "lon": -88.599998
    },
    "name": "Puerto Barrios"
  },
  {
    "country": "GT",
    "id": 3591093,
    "coord": {
      "lat": 14.28333,
      "lon": -91.366669
    },
    "name": "Pueblo Nuevo Tiquisate"
  },
  {
    "country": "GT",
    "id": 3591415,
    "coord": {
      "lat": 14.50278,
      "lon": -90.551666
    },
    "name": "Petapa"
  },
  {
    "country": "GT",
    "id": 3591676,
    "coord": {
      "lat": 15.4,
      "lon": -89.666672
    },
    "name": "Panzos"
  },
  {
    "country": "GT",
    "id": 3591833,
    "coord": {
      "lat": 14.40556,
      "lon": -90.698334
    },
    "name": "Palin"
  },
  {
    "country": "GT",
    "id": 3591851,
    "coord": {
      "lat": 14.66472,
      "lon": -90.358612
    },
    "name": "Palencia"
  },
  {
    "country": "GT",
    "id": 3591997,
    "coord": {
      "lat": 14.86667,
      "lon": -91.616669
    },
    "name": "Ostuncalco"
  },
  {
    "country": "GT",
    "id": 3592105,
    "coord": {
      "lat": 14.6,
      "lon": -91.699997
    },
    "name": "Nuevo San Carlos"
  },
  {
    "country": "GT",
    "id": 3592237,
    "coord": {
      "lat": 15.40583,
      "lon": -91.146111
    },
    "name": "Nebaj"
  },
  {
    "country": "GT",
    "id": 3592286,
    "coord": {
      "lat": 14.85,
      "lon": -91.316673
    },
    "name": "Nahuala"
  },
  {
    "country": "GT",
    "id": 3592362,
    "coord": {
      "lat": 15.48333,
      "lon": -88.816673
    },
    "name": "Morales"
  },
  {
    "country": "GT",
    "id": 3592519,
    "coord": {
      "lat": 14.63333,
      "lon": -90.606392
    },
    "name": "Mixco"
  },
  {
    "country": "GT",
    "id": 3594575,
    "coord": {
      "lat": 14.08333,
      "lon": -91.050003
    },
    "name": "La Gomera"
  },
  {
    "country": "GT",
    "id": 3594666,
    "coord": {
      "lat": 14.86667,
      "lon": -91.566673
    },
    "name": "Municipio de La Esperanza"
  },
  {
    "country": "GT",
    "id": 3594703,
    "coord": {
      "lat": 14.86667,
      "lon": -91.566673
    },
    "name": "La Esperanza"
  },
  {
    "country": "GT",
    "id": 3595069,
    "coord": {
      "lat": 14.28333,
      "lon": -89.900002
    },
    "name": "Jutiapa"
  },
  {
    "country": "GT",
    "id": 3595171,
    "coord": {
      "lat": 14.58194,
      "lon": -90.743607
    },
    "name": "Jocotenango"
  },
  {
    "country": "GT",
    "id": 3595237,
    "coord": {
      "lat": 14.63333,
      "lon": -89.98333
    },
    "name": "Jalapa"
  },
  {
    "country": "GT",
    "id": 3595560,
    "coord": {
      "lat": 15.13333,
      "lon": -89.366669
    },
    "name": "Gualan"
  },
  {
    "country": "GT",
    "id": 3595725,
    "coord": {
      "lat": 16.922581,
      "lon": -89.899406
    },
    "name": "Flores"
  },
  {
    "country": "GT",
    "id": 3595783,
    "coord": {
      "lat": 14.56667,
      "lon": -89.349998
    },
    "name": "Esquipulas"
  },
  {
    "country": "GT",
    "id": 3595801,
    "coord": {
      "lat": 14.3,
      "lon": -90.783333
    },
    "name": "Municipio de Escuintla"
  },
  {
    "country": "GT",
    "id": 3595803,
    "coord": {
      "lat": 14.305,
      "lon": -90.785004
    },
    "name": "Escuintla"
  },
  {
    "country": "GT",
    "id": 3597078,
    "coord": {
      "lat": 15.53333,
      "lon": -89.349998
    },
    "name": "El Estor"
  },
  {
    "country": "GT",
    "id": 3598025,
    "coord": {
      "lat": 15.08333,
      "lon": -91.716667
    },
    "name": "Comitancillo"
  },
  {
    "country": "GT",
    "id": 3598032,
    "coord": {
      "lat": 14.73333,
      "lon": -90.883331
    },
    "name": "Municipio de Comalapa"
  },
  {
    "country": "GT",
    "id": 3598034,
    "coord": {
      "lat": 14.74111,
      "lon": -90.887497
    },
    "name": "Comalapa"
  },
  {
    "country": "GT",
    "id": 3598073,
    "coord": {
      "lat": 14.71667,
      "lon": -91.73333
    },
    "name": "Colomba"
  },
  {
    "country": "GT",
    "id": 3598463,
    "coord": {
      "lat": 14.8,
      "lon": -89.550003
    },
    "name": "Municipio de Chiquimula"
  },
  {
    "country": "GT",
    "id": 3598465,
    "coord": {
      "lat": 14.8,
      "lon": -89.550003
    },
    "name": "Chiquimula"
  },
  {
    "country": "GT",
    "id": 3598570,
    "coord": {
      "lat": 14.66667,
      "lon": -90.816673
    },
    "name": "Municipio de Chimaltenango"
  },
  {
    "country": "GT",
    "id": 3598572,
    "coord": {
      "lat": 14.66861,
      "lon": -90.816673
    },
    "name": "Chimaltenango"
  },
  {
    "country": "GT",
    "id": 3598678,
    "coord": {
      "lat": 14.53333,
      "lon": -91.316673
    },
    "name": "Chicacao"
  },
  {
    "country": "GT",
    "id": 3599069,
    "coord": {
      "lat": 14.81667,
      "lon": -91.449997
    },
    "name": "Cantel"
  },
  {
    "country": "GT",
    "id": 3599582,
    "coord": {
      "lat": 14.30944,
      "lon": -90.361107
    },
    "name": "Barberena"
  },
  {
    "country": "GT",
    "id": 3591410,
    "coord": {
      "lat": 16.83333,
      "lon": -90
    },
    "name": "Departamento del Petén"
  },
  {
    "country": "GT",
    "id": 3597887,
    "coord": {
      "lat": 16.6,
      "lon": -89.533333
    },
    "name": "Cristo Rey"
  },
  {
    "country": "GT",
    "id": 3598132,
    "coord": {
      "lat": 14.64072,
      "lon": -90.513268
    },
    "name": "Guatemala City"
  },
  {
    "country": "GT",
    "id": 3595802,
    "coord": {
      "lat": 14.16667,
      "lon": -91
    },
    "name": "Departamento de Escuintla"
  },
  {
    "country": "GT",
    "id": 3591060,
    "coord": {
      "lat": 13.92556,
      "lon": -90.82444
    },
    "name": "Puerto San Jose"
  },
  {
    "country": "GT",
    "id": 3589801,
    "coord": {
      "lat": 15,
      "lon": -91.916672
    },
    "name": "Departamento de San Marcos"
  },
  {
    "country": "GT",
    "id": 3590978,
    "coord": {
      "lat": 14.75,
      "lon": -91.666672
    },
    "name": "Departamento de Quetzaltenango"
  },
  {
    "country": "GT",
    "id": 3590979,
    "coord": {
      "lat": 14.83333,
      "lon": -91.51667
    },
    "name": "Quetzaltenango"
  },
  {
    "country": "GT",
    "id": 3590964,
    "coord": {
      "lat": 15.5,
      "lon": -90.916672
    },
    "name": "Departamento del Quiché"
  },
  {
    "country": "GT",
    "id": 3598659,
    "coord": {
      "lat": 15.00861,
      "lon": -91.065002
    },
    "name": "Chiche"
  },
  {
    "country": "GT",
    "id": 3589627,
    "coord": {
      "lat": 14.68417,
      "lon": -90.644173
    },
    "name": "San Pedro Sacatepequez"
  },
  {
    "country": "GT",
    "id": 3588697,
    "coord": {
      "lat": 14.66667,
      "lon": -91.25
    },
    "name": "Departamento de Sololá"
  },
  {
    "country": "GT",
    "id": 3595108,
    "coord": {
      "lat": 14.73333,
      "lon": -91.150002
    },
    "name": "Jucanyá"
  },
  {
    "country": "GT",
    "id": 3598571,
    "coord": {
      "lat": 14.66667,
      "lon": -90.916672
    },
    "name": "Departamento de Chimaltenango"
  },
  {
    "country": "GT",
    "id": 3590529,
    "coord": {
      "lat": 14.62,
      "lon": -90.84417
    },
    "name": "San Andres Itzapa"
  },
  {
    "country": "GT",
    "id": 3589646,
    "coord": {
      "lat": 14.78667,
      "lon": -90.451111
    },
    "name": "San Pedro Ayampuc"
  },
  {
    "country": "GT",
    "id": 3589850,
    "coord": {
      "lat": 14.63333,
      "lon": -91.133331
    },
    "name": "San Lucas Toliman"
  },
  {
    "country": "GT",
    "id": 3590686,
    "coord": {
      "lat": 14.58333,
      "lon": -90.75
    },
    "name": "Departamento de Sacatepéquez"
  },
  {
    "country": "GT",
    "id": 3589072,
    "coord": {
      "lat": 14.67778,
      "lon": -90.697777
    },
    "name": "Santo Domingo Xenacoj"
  },
  {
    "country": "GT",
    "id": 3595714,
    "coord": {
      "lat": 14.46528,
      "lon": -90.440826
    },
    "name": "Fraijanes"
  },
  {
    "country": "GT",
    "id": 3588476,
    "coord": {
      "lat": 14.76694,
      "lon": -90.994171
    },
    "name": "Tecpan Guatemala"
  },
  {
    "country": "GT",
    "id": 3595236,
    "coord": {
      "lat": 14.58333,
      "lon": -89.916672
    },
    "name": "Departamento de Jalapa"
  },
  {
    "country": "GT",
    "id": 3592635,
    "coord": {
      "lat": 14.52917,
      "lon": -90.184174
    },
    "name": "Mataquescuintla"
  },
  {
    "country": "GT",
    "id": 3591521,
    "coord": {
      "lat": 14.63333,
      "lon": -90.933327
    },
    "name": "Municipio de Patzicía"
  },
  {
    "country": "GT",
    "id": 3591523,
    "coord": {
      "lat": 14.63167,
      "lon": -90.926941
    },
    "name": "Patzicia"
  },
  {
    "country": "GT",
    "id": 3591210,
    "coord": {
      "lat": 14.55,
      "lon": -91.083328
    },
    "name": "Pochuta"
  },
  {
    "country": "GT",
    "id": 3589282,
    "coord": {
      "lat": 14.76667,
      "lon": -91.26667
    },
    "name": "Santa Lucia Utatlan"
  },
  {
    "country": "GT",
    "id": 3589975,
    "coord": {
      "lat": 14.81972,
      "lon": -90.906387
    },
    "name": "San Jose Poaquil"
  },
  {
    "country": "GT",
    "id": 3600008,
    "coord": {
      "lat": 14.55194,
      "lon": -90.942223
    },
    "name": "Acatenango"
  },
  {
    "country": "GT",
    "id": 3590393,
    "coord": {
      "lat": 14.60611,
      "lon": -90.68
    },
    "name": "San Bartolome Milpas Altas"
  },
  {
    "country": "GT",
    "id": 3589285,
    "coord": {
      "lat": 14.57583,
      "lon": -90.678612
    },
    "name": "Santa Lucia Milpas Altas"
  },
  {
    "country": "GT",
    "id": 3589885,
    "coord": {
      "lat": 14.71889,
      "lon": -90.644173
    },
    "name": "San Juan Sacatepequez"
  },
  {
    "country": "GT",
    "id": 3589780,
    "coord": {
      "lat": 14.78778,
      "lon": -90.792503
    },
    "name": "San Martin Jilotepeque"
  },
  {
    "country": "GT",
    "id": 3591939,
    "coord": {
      "lat": 14.93333,
      "lon": -91.116669
    },
    "name": "Pachoj"
  },
  {
    "country": "GT",
    "id": 3589407,
    "coord": {
      "lat": 14.68333,
      "lon": -90.916672
    },
    "name": "Municipio de Santa Cruz Balanyá"
  },
  {
    "country": "GT",
    "id": 3589408,
    "coord": {
      "lat": 14.68722,
      "lon": -90.915001
    },
    "name": "Santa Cruz Balanya"
  },
  {
    "country": "GT",
    "id": 3596041,
    "coord": {
      "lat": 14.64778,
      "lon": -90.792778
    },
    "name": "El Tejar"
  },
  {
    "country": "GT",
    "id": 3599788,
    "coord": {
      "lat": 14.48028,
      "lon": -90.807503
    },
    "name": "Alotenango"
  },
  {
    "country": "GT",
    "id": 3587636,
    "coord": {
      "lat": 14.50417,
      "lon": -90.95694
    },
    "name": "Yepocapa"
  },
  {
    "country": "GT",
    "id": 3591512,
    "coord": {
      "lat": 14.68333,
      "lon": -91.01667
    },
    "name": "Patzun"
  },
  {
    "country": "GT",
    "id": 3589852,
    "coord": {
      "lat": 14.60972,
      "lon": -90.656937
    },
    "name": "San Lucas Sacatepequez"
  },
  {
    "country": "GT",
    "id": 3588257,
    "coord": {
      "lat": 15,
      "lon": -91.333328
    },
    "name": "Departamento de Totonicapán"
  },
  {
    "country": "GT",
    "id": 3588255,
    "coord": {
      "lat": 14.91667,
      "lon": -91.366669
    },
    "name": "Municipio de Totonicapán"
  },
  {
    "country": "GT",
    "id": 3588258,
    "coord": {
      "lat": 14.91667,
      "lon": -91.366669
    },
    "name": "Totonicapan"
  },
  {
    "country": "GT",
    "id": 3596416,
    "coord": {
      "lat": 14.83333,
      "lon": -90
    },
    "name": "Departamento de El Progreso"
  },
  {
    "country": "GT",
    "id": 3596421,
    "coord": {
      "lat": 14.85389,
      "lon": -90.06472
    },
    "name": "Guastatoya"
  },
  {
    "country": "GT",
    "id": 3592349,
    "coord": {
      "lat": 14.93278,
      "lon": -90.143059
    },
    "name": "Morazan"
  },
  {
    "country": "GT",
    "id": 3599602,
    "coord": {
      "lat": 15.08333,
      "lon": -90.333328
    },
    "name": "Departamento de Baja Verapaz"
  },
  {
    "country": "GT",
    "id": 3590114,
    "coord": {
      "lat": 15.05,
      "lon": -90.199997
    },
    "name": "San Jeronimo"
  },
  {
    "country": "GT",
    "id": 3590547,
    "coord": {
      "lat": 14.95,
      "lon": -89.966667
    },
    "name": "San Agustin Acasaguastlan"
  },
  {
    "country": "GT",
    "id": 3590524,
    "coord": {
      "lat": 14.75,
      "lon": -91.133331
    },
    "name": "San Andres Semetabaj"
  },
  {
    "country": "GT",
    "id": 3595415,
    "coord": {
      "lat": 15.66667,
      "lon": -91.583328
    },
    "name": "Departamento de Huehuetenango"
  },
  {
    "country": "GT",
    "id": 3595414,
    "coord": {
      "lat": 15.3192,
      "lon": -91.471649
    },
    "name": "Municipio de Huehuetenango"
  },
  {
    "country": "GT",
    "id": 3595416,
    "coord": {
      "lat": 15.31972,
      "lon": -91.470833
    },
    "name": "Huehuetenango"
  },
  {
    "country": "GT",
    "id": 3589730,
    "coord": {
      "lat": 15.1,
      "lon": -90.400002
    },
    "name": "San Miguel Chicaj"
  },
  {
    "country": "GT",
    "id": 3589977,
    "coord": {
      "lat": 14.54611,
      "lon": -90.411392
    },
    "name": "San Jose Pinula"
  },
  {
    "country": "GT",
    "id": 3592770,
    "coord": {
      "lat": 14.54528,
      "lon": -90.675278
    },
    "name": "Magdalena Milpas Altas"
  },
  {
    "country": "GT",
    "id": 3590406,
    "coord": {
      "lat": 14.795,
      "lon": -90.192223
    },
    "name": "Sanarate"
  },
  {
    "country": "GT",
    "id": 3589452,
    "coord": {
      "lat": 14.56889,
      "lon": -90.495277
    },
    "name": "Santa Catarina Pinula"
  },
  {
    "country": "GT",
    "id": 3598128,
    "coord": {
      "lat": 14.52639,
      "lon": -90.75972
    },
    "name": "Ciudad Vieja"
  },
  {
    "country": "GT",
    "id": 3599699,
    "coord": {
      "lat": 14.56111,
      "lon": -90.734444
    },
    "name": "Antigua Guatemala"
  },
  {
    "country": "GT",
    "id": 3587586,
    "coord": {
      "lat": 15,
      "lon": -89.5
    },
    "name": "Departamento de Zacapa"
  },
  {
    "country": "GT",
    "id": 3587587,
    "coord": {
      "lat": 14.96667,
      "lon": -89.533333
    },
    "name": "Zacapa"
  },
  {
    "country": "GT",
    "id": 3599773,
    "coord": {
      "lat": 15.66667,
      "lon": -90
    },
    "name": "Departamento de Alta Verapaz"
  },
  {
    "country": "GT",
    "id": 3588206,
    "coord": {
      "lat": 15.3,
      "lon": -90.066673
    },
    "name": "Tucuru"
  },
  {
    "country": "GT",
    "id": 3589629,
    "coord": {
      "lat": 14.66667,
      "lon": -89.849998
    },
    "name": "San Pedro Pinula"
  },
  {
    "country": "GT",
    "id": 3595148,
    "coord": {
      "lat": 14.995,
      "lon": -90.806107
    },
    "name": "Joyabaj"
  },
  {
    "country": "GT",
    "id": 3596644,
    "coord": {
      "lat": 14.65,
      "lon": -91.583328
    },
    "name": "El Palmar"
  },
  {
    "country": "GT",
    "id": 3591629,
    "coord": {
      "lat": 14.60778,
      "lon": -90.803062
    },
    "name": "Parramos"
  },
  {
    "country": "GT",
    "id": 3598968,
    "coord": {
      "lat": 14.42222,
      "lon": -90.244171
    },
    "name": "Casillas"
  },
  {
    "country": "GT",
    "id": 3589251,
    "coord": {
      "lat": 14.5,
      "lon": -90.716667
    },
    "name": "Municipio de Santa María de Jesús"
  },
  {
    "country": "GT",
    "id": 3589253,
    "coord": {
      "lat": 14.51833,
      "lon": -90.726669
    },
    "name": "Santa Maria de Jesus"
  },
  {
    "country": "GT",
    "id": 3599735,
    "coord": {
      "lat": 14.4875,
      "lon": -90.61528
    },
    "name": "Amatitlan"
  },
  {
    "country": "GT",
    "id": 3590219,
    "coord": {
      "lat": 14.95,
      "lon": -91.449997
    },
    "name": "San Francisco El Alto"
  },
  {
    "country": "GT",
    "id": 3591064,
    "coord": {
      "lat": 14.56667,
      "lon": -90.466667
    },
    "name": "Puerta Parada"
  },
  {
    "country": "GT",
    "id": 3588668,
    "coord": {
      "lat": 14.41667,
      "lon": -91.333328
    },
    "name": "Departamento de Suchitepéquez"
  },
  {
    "country": "GT",
    "id": 3592609,
    "coord": {
      "lat": 14.53333,
      "lon": -91.5
    },
    "name": "Mazatenango"
  },
  {
    "country": "GT",
    "id": 3593087,
    "coord": {
      "lat": 15.1,
      "lon": -90.26667
    },
    "name": "Los Encuentros"
  },
  {
    "country": "GT",
    "id": 3599298,
    "coord": {
      "lat": 14.93333,
      "lon": -89.800003
    },
    "name": "Cabanas"
  },
  {
    "country": "GT",
    "id": 3595067,
    "coord": {
      "lat": 14.16667,
      "lon": -89.833328
    },
    "name": "Departamento de Jutiapa"
  },
  {
    "country": "GT",
    "id": 3597509,
    "coord": {
      "lat": 14.11667,
      "lon": -89.916672
    },
    "name": "El Calvario"
  },
  {
    "country": "GT",
    "id": 3598119,
    "coord": {
      "lat": 15.48333,
      "lon": -90.366669
    },
    "name": "Coban"
  },
  {
    "country": "GT",
    "id": 3589460,
    "coord": {
      "lat": 14.54889,
      "lon": -90.78833
    },
    "name": "Santa Catarina Barahona"
  },
  {
    "country": "GT",
    "id": 3597804,
    "coord": {
      "lat": 14.27639,
      "lon": -90.300278
    },
    "name": "Cuilapa"
  },
  {
    "country": "GT",
    "id": 3589289,
    "coord": {
      "lat": 14.33333,
      "lon": -91.01667
    },
    "name": "Santa Lucia Cotzumalguapa"
  },
  {
    "country": "GT",
    "id": 3591541,
    "coord": {
      "lat": 14.41667,
      "lon": -91.166672
    },
    "name": "Patulul"
  },
  {
    "country": "GT",
    "id": 3589105,
    "coord": {
      "lat": 14.63823,
      "lon": -91.229012
    },
    "name": "Santiago Atitlan"
  },
  {
    "country": "GT",
    "id": 3589643,
    "coord": {
      "lat": 15.48333,
      "lon": -90.26667
    },
    "name": "San Pedro Carcha"
  },
  {
    "country": "GT",
    "id": 3589573,
    "coord": {
      "lat": 14.96667,
      "lon": -91.800003
    },
    "name": "San Rafael Soche"
  },
  {
    "country": "GT",
    "id": 3595259,
    "coord": {
      "lat": 15.5,
      "lon": -89
    },
    "name": "Departamento de Izabal"
  },
  {
    "country": "GT",
    "id": 3593235,
    "coord": {
      "lat": 15.26667,
      "lon": -89.099998
    },
    "name": "Los Amates"
  },
  {
    "country": "GT",
    "id": 3592612,
    "coord": {
      "lat": 15.13333,
      "lon": -89.366669
    },
    "name": "Mayuelas"
  },
  {
    "country": "GT",
    "id": 3589060,
    "coord": {
      "lat": 14.56667,
      "lon": -90.666672
    },
    "name": "Santo Tomás Milpas Altas"
  },
  {
    "country": "GT",
    "id": 3598415,
    "coord": {
      "lat": 15.81667,
      "lon": -90.283333
    },
    "name": "Chisec"
  },
  {
    "country": "GT",
    "id": 3589404,
    "coord": {
      "lat": 15.03056,
      "lon": -91.148888
    },
    "name": "Santa Cruz del Quiche"
  },
  {
    "country": "GT",
    "id": 3594425,
    "coord": {
      "lat": 14.9,
      "lon": -92.050003
    },
    "name": "La Libertad"
  },
  {
    "country": "GT",
    "id": 3590924,
    "coord": {
      "lat": 15.1,
      "lon": -90.449997
    },
    "name": "Rabinal"
  },
  {
    "country": "GT",
    "id": 3599639,
    "coord": {
      "lat": 14.33083,
      "lon": -89.710831
    },
    "name": "Asuncion Mita"
  },
  {
    "country": "GT",
    "id": 3598122,
    "coord": {
      "lat": 14.7,
      "lon": -91.866669
    },
    "name": "Coatepeque"
  },
  {
    "country": "GT",
    "id": 3592910,
    "coord": {
      "lat": 14.98333,
      "lon": -89.716667
    },
    "name": "Los Puentes"
  },
  {
    "country": "GT",
    "id": 3590857,
    "coord": {
      "lat": 14.33333,
      "lon": -91.833328
    },
    "name": "Departamento de Retalhuleu"
  },
  {
    "country": "GT",
    "id": 3590288,
    "coord": {
      "lat": 14.61667,
      "lon": -91.599998
    },
    "name": "San Felipe"
  },
  {
    "country": "GT",
    "id": 3590197,
    "coord": {
      "lat": 14.58333,
      "lon": -91.51667
    },
    "name": "San Francisco Zapotitlan"
  },
  {
    "country": "GT",
    "id": 3598131,
    "coord": {
      "lat": 17.068609,
      "lon": -89.152222
    },
    "name": "Ciudad Melchor de Mencos"
  },
  {
    "country": "GT",
    "id": 3592482,
    "coord": {
      "lat": 15.04726,
      "lon": -91.40625
    },
    "name": "Municipio de Momostenango"
  },
  {
    "country": "GT",
    "id": 3592483,
    "coord": {
      "lat": 15.04361,
      "lon": -91.408607
    },
    "name": "Momostenango"
  },
  {
    "country": "GT",
    "id": 3588491,
    "coord": {
      "lat": 14.07083,
      "lon": -90.463058
    },
    "name": "Taxisco"
  },
  {
    "country": "GT",
    "id": 3598464,
    "coord": {
      "lat": 14.66667,
      "lon": -89.416672
    },
    "name": "Departamento de Chiquimula"
  },
  {
    "country": "GT",
    "id": 3590973,
    "coord": {
      "lat": 14.63333,
      "lon": -89.449997
    },
    "name": "Quezaltepeque"
  },
  {
    "country": "GT",
    "id": 3595248,
    "coord": {
      "lat": 15.66667,
      "lon": -91.73333
    },
    "name": "Jacaltenango"
  },
  {
    "country": "GT",
    "id": 3591181,
    "coord": {
      "lat": 16.33111,
      "lon": -89.416939
    },
    "name": "Poptun"
  },
  {
    "country": "GT",
    "id": 3589298,
    "coord": {
      "lat": 14.46667,
      "lon": -91.48333
    },
    "name": "Santa Lucía"
  },
  {
    "country": "GT",
    "id": 3598786,
    "coord": {
      "lat": 14.3,
      "lon": -91.916672
    },
    "name": "Municipio de Champerico"
  },
  {
    "country": "GT",
    "id": 3598787,
    "coord": {
      "lat": 14.3,
      "lon": -91.916672
    },
    "name": "Champerico"
  },
  {
    "country": "GT",
    "id": 3588726,
    "coord": {
      "lat": 15.2,
      "lon": -91.666672
    },
    "name": "Sipacapa"
  },
  {
    "country": "GT",
    "id": 3589637,
    "coord": {
      "lat": 14.68333,
      "lon": -91.26667
    },
    "name": "San Pedro La Laguna"
  },
  {
    "country": "GT",
    "id": 3590411,
    "coord": {
      "lat": 14.53333,
      "lon": -91.416672
    },
    "name": "Municipio de San Antonio Suchitepéquez"
  },
  {
    "country": "GT",
    "id": 3590412,
    "coord": {
      "lat": 14.53333,
      "lon": -91.416672
    },
    "name": "San Antonio Suchitepequez"
  },
  {
    "country": "GT",
    "id": 3597837,
    "coord": {
      "lat": 15.13333,
      "lon": -90.583328
    },
    "name": "Cubulco"
  },
  {
    "country": "GT",
    "id": 3594750,
    "coord": {
      "lat": 14.23333,
      "lon": -90.949997
    },
    "name": "Municipio de La Democracia"
  },
  {
    "country": "GT",
    "id": 3594753,
    "coord": {
      "lat": 14.23083,
      "lon": -90.94722
    },
    "name": "La Democracia"
  },
  {
    "country": "GT",
    "id": 3599912,
    "coord": {
      "lat": 15.34306,
      "lon": -91.311668
    },
    "name": "Aguacatan"
  },
  {
    "country": "GT",
    "id": 3590788,
    "coord": {
      "lat": 15.06667,
      "lon": -89.583328
    },
    "name": "Rio Hondo"
  },
  {
    "country": "GT",
    "id": 3588603,
    "coord": {
      "lat": 15.33333,
      "lon": -90.300003
    },
    "name": "Tactic"
  },
  {
    "country": "GT",
    "id": 3595503,
    "coord": {
      "lat": 14.07417,
      "lon": -90.416672
    },
    "name": "Guazacapan"
  },
  {
    "country": "GT",
    "id": 3592477,
    "coord": {
      "lat": 14.5,
      "lon": -89.866669
    },
    "name": "Monjas"
  },
  {
    "country": "GT",
    "id": 3587917,
    "coord": {
      "lat": 14.86667,
      "lon": -91.566673
    },
    "name": "Villa Hermosa"
  },
  {
    "country": "GT",
    "id": 3598513,
    "coord": {
      "lat": 15.04472,
      "lon": -91.025833
    },
    "name": "Chinique"
  },
  {
    "country": "GT",
    "id": 3595757,
    "coord": {
      "lat": 15,
      "lon": -89.566673
    },
    "name": "Estanzuela"
  },
  {
    "country": "GT",
    "id": 3592126,
    "coord": {
      "lat": 14.38111,
      "lon": -90.276108
    },
    "name": "Nueva Santa Rosa"
  },
  {
    "country": "GT",
    "id": 3597002,
    "coord": {
      "lat": 14.75,
      "lon": -90.300003
    },
    "name": "El Hato"
  },
  {
    "country": "GT",
    "id": 3599180,
    "coord": {
      "lat": 14.81667,
      "lon": -89.366669
    },
    "name": "Municipio de Camotán"
  },
  {
    "country": "GT",
    "id": 3599181,
    "coord": {
      "lat": 14.81667,
      "lon": -89.366669
    },
    "name": "Camotan"
  },
  {
    "country": "GT",
    "id": 3589456,
    "coord": {
      "lat": 14.45,
      "lon": -89.75
    },
    "name": "Santa Catarina Mita"
  },
  {
    "country": "GT",
    "id": 3598529,
    "coord": {
      "lat": 14.70833,
      "lon": -90.499443
    },
    "name": "Chinautla"
  },
  {
    "country": "GT",
    "id": 3587578,
    "coord": {
      "lat": 15.08333,
      "lon": -90.833328
    },
    "name": "Zacualpa"
  },
  {
    "country": "GT",
    "id": 3588369,
    "coord": {
      "lat": 17.225,
      "lon": -89.613327
    },
    "name": "Tikal"
  },
  {
    "country": "GT",
    "id": 3589848,
    "coord": {
      "lat": 14.51667,
      "lon": -91.683327
    },
    "name": "San Luis"
  },
  {
    "country": "GT",
    "id": 3593359,
    "coord": {
      "lat": 14.86667,
      "lon": -91.51667
    },
    "name": "Llano de Olintepeque"
  },
  {
    "country": "GT",
    "id": 3590776,
    "coord": {
      "lat": 15.75,
      "lon": -88.583328
    },
    "name": "Río Pichilingo"
  },
  {
    "country": "GT",
    "id": 3598547,
    "coord": {
      "lat": 15.31667,
      "lon": -91.51667
    },
    "name": "Chimusinique"
  },
  {
    "country": "GT",
    "id": 3595030,
    "coord": {
      "lat": 14.58333,
      "lon": -90.5
    },
    "name": "La Aurora"
  },
  {
    "country": "GT",
    "id": 3590573,
    "coord": {
      "lat": 15.46667,
      "lon": -90.400002
    },
    "name": "Samac"
  },
  {
    "country": "GT",
    "id": 3591296,
    "coord": {
      "lat": 14.63333,
      "lon": -90.050003
    },
    "name": "Pino Gordo"
  },
  {
    "country": "GT",
    "id": 3587506,
    "coord": {
      "lat": 14.61667,
      "lon": -91.51667
    },
    "name": "Zunilito"
  },
  {
    "country": "GT",
    "id": 3587510,
    "coord": {
      "lat": 14.78333,
      "lon": -91.48333
    },
    "name": "Zunil"
  },
  {
    "country": "GT",
    "id": 3587543,
    "coord": {
      "lat": 14.65444,
      "lon": -90.889442
    },
    "name": "Zaragoza"
  },
  {
    "country": "GT",
    "id": 3587546,
    "coord": {
      "lat": 14.13333,
      "lon": -89.833328
    },
    "name": "Zapotitlan"
  },
  {
    "country": "GT",
    "id": 3587593,
    "coord": {
      "lat": 14.2,
      "lon": -89.783333
    },
    "name": "Yupiltepeque"
  },
  {
    "country": "GT",
    "id": 3588040,
    "coord": {
      "lat": 14.95,
      "lon": -89.783333
    },
    "name": "Usumatlan"
  },
  {
    "country": "GT",
    "id": 3588043,
    "coord": {
      "lat": 15.38333,
      "lon": -90.833328
    },
    "name": "Uspantan"
  },
  {
    "country": "GT",
    "id": 3588308,
    "coord": {
      "lat": 15.51667,
      "lon": -91.616669
    },
    "name": "Todos Santos Cuchumatan"
  },
  {
    "country": "GT",
    "id": 3588460,
    "coord": {
      "lat": 15.11667,
      "lon": -91.800003
    },
    "name": "Tejutla"
  },
  {
    "country": "GT",
    "id": 3588469,
    "coord": {
      "lat": 14.98333,
      "lon": -89.716667
    },
    "name": "Teculutan"
  },
  {
    "country": "GT",
    "id": 3588554,
    "coord": {
      "lat": 15.33333,
      "lon": -90.166672
    },
    "name": "Tamahu"
  },
  {
    "country": "GT",
    "id": 3588588,
    "coord": {
      "lat": 15.08333,
      "lon": -91.883331
    },
    "name": "Tajumulco"
  },
  {
    "country": "GT",
    "id": 3588612,
    "coord": {
      "lat": 15.23333,
      "lon": -92.083328
    },
    "name": "Tacana"
  },
  {
    "country": "GT",
    "id": 3588694,
    "coord": {
      "lat": 15.71667,
      "lon": -91.449997
    },
    "name": "Soloma"
  },
  {
    "country": "GT",
    "id": 3588760,
    "coord": {
      "lat": 15.13333,
      "lon": -92.050003
    },
    "name": "Sibinal"
  },
  {
    "country": "GT",
    "id": 3588762,
    "coord": {
      "lat": 15,
      "lon": -91.616669
    },
    "name": "Sibilia"
  },
  {
    "country": "GT",
    "id": 3588858,
    "coord": {
      "lat": 15.4,
      "lon": -89.833328
    },
    "name": "Senahu"
  },
  {
    "country": "GT",
    "id": 3588984,
    "coord": {
      "lat": 16.51667,
      "lon": -90.166672
    },
    "name": "Sayaxche"
  },
  {
    "country": "GT",
    "id": 3589036,
    "coord": {
      "lat": 14.41611,
      "lon": -90.639168
    },
    "name": "San Vicente Pacaya"
  },
  {
    "country": "GT",
    "id": 3589062,
    "coord": {
      "lat": 14.63333,
      "lon": -91.383331
    },
    "name": "Santo Tomas La Union"
  },
  {
    "country": "GT",
    "id": 3589074,
    "coord": {
      "lat": 14.46667,
      "lon": -91.48333
    },
    "name": "Santo Domingo Suchitepequez"
  },
  {
    "country": "GT",
    "id": 3589103,
    "coord": {
      "lat": 15.46667,
      "lon": -91.716667
    },
    "name": "Santiago Chimaltenango"
  },
  {
    "country": "GT",
    "id": 3589159,
    "coord": {
      "lat": 14.38806,
      "lon": -90.295563
    },
    "name": "Santa Rosa de Lima"
  },
  {
    "country": "GT",
    "id": 3589247,
    "coord": {
      "lat": 14.71667,
      "lon": -91.316673
    },
    "name": "Santa Maria Visitacion"
  },
  {
    "country": "GT",
    "id": 3589249,
    "coord": {
      "lat": 14.19,
      "lon": -90.274719
    },
    "name": "Santa Maria Ixhuatan"
  },
  {
    "country": "GT",
    "id": 3589256,
    "coord": {
      "lat": 15.03028,
      "lon": -91.32917
    },
    "name": "Santa Maria Chiquimula"
  },
  {
    "country": "GT",
    "id": 3589287,
    "coord": {
      "lat": 15.12833,
      "lon": -91.235558
    },
    "name": "Santa Lucia La Reforma"
  },
  {
    "country": "GT",
    "id": 3589355,
    "coord": {
      "lat": 15.73306,
      "lon": -91.45694
    },
    "name": "Santa Eulalia"
  },
  {
    "country": "GT",
    "id": 3589395,
    "coord": {
      "lat": 15.36667,
      "lon": -90.433327
    },
    "name": "Santa Cruz Verapaz"
  },
  {
    "country": "GT",
    "id": 3589398,
    "coord": {
      "lat": 14.38806,
      "lon": -90.36972
    },
    "name": "Santa Cruz Naranjo"
  },
  {
    "country": "GT",
    "id": 3589400,
    "coord": {
      "lat": 14.58333,
      "lon": -91.616669
    },
    "name": "Santa Cruz Mulua"
  },
  {
    "country": "GT",
    "id": 3589402,
    "coord": {
      "lat": 14.75,
      "lon": -91.216667
    },
    "name": "Santa Cruz La Laguna"
  },
  {
    "country": "GT",
    "id": 3589433,
    "coord": {
      "lat": 14.71667,
      "lon": -91.300003
    },
    "name": "Santa Clara La Laguna"
  },
  {
    "country": "GT",
    "id": 3589454,
    "coord": {
      "lat": 14.71667,
      "lon": -91.133331
    },
    "name": "Santa Catarina Palopo"
  },
  {
    "country": "GT",
    "id": 3589458,
    "coord": {
      "lat": 14.8,
      "lon": -91.366669
    },
    "name": "Santa Catarina Ixtahuacan"
  },
  {
    "country": "GT",
    "id": 3589468,
    "coord": {
      "lat": 15.31667,
      "lon": -91.616669
    },
    "name": "Santa Barbara"
  },
  {
    "country": "GT",
    "id": 3589475,
    "coord": {
      "lat": 14.43333,
      "lon": -91.23333
    },
    "name": "Santa Barbara"
  },
  {
    "country": "GT",
    "id": 3589480,
    "coord": {
      "lat": 14.79139,
      "lon": -90.970833
    },
    "name": "Santa Apolonia"
  },
  {
    "country": "GT",
    "id": 3589498,
    "coord": {
      "lat": 15.68333,
      "lon": -91.816673
    },
    "name": "Santa Ana Huista"
  },
  {
    "country": "GT",
    "id": 3589507,
    "coord": {
      "lat": 16.799999,
      "lon": -89.833328
    },
    "name": "Santa Ana"
  },
  {
    "country": "GT",
    "id": 3589541,
    "coord": {
      "lat": 15.38333,
      "lon": -91.583328
    },
    "name": "San Sebastian Huehuetenango"
  },
  {
    "country": "GT",
    "id": 3589548,
    "coord": {
      "lat": 14.56667,
      "lon": -91.650002
    },
    "name": "San Sebastian"
  },
  {
    "country": "GT",
    "id": 3589554,
    "coord": {
      "lat": 14.74722,
      "lon": -90.112503
    },
    "name": "Sansare"
  },
  {
    "country": "GT",
    "id": 3589569,
    "coord": {
      "lat": 14.76472,
      "lon": -90.595558
    },
    "name": "San Raimundo"
  },
  {
    "country": "GT",
    "id": 3589577,
    "coord": {
      "lat": 14.93333,
      "lon": -91.916672
    },
    "name": "San Rafael Pie de La Cuesta"
  },
  {
    "country": "GT",
    "id": 3589579,
    "coord": {
      "lat": 15.40487,
      "lon": -91.664513
    },
    "name": "San Rafael Petzal"
  },
  {
    "country": "GT",
    "id": 3589592,
    "coord": {
      "lat": 14.48139,
      "lon": -90.173332
    },
    "name": "San Rafael Las Flores"
  },
  {
    "country": "GT",
    "id": 3589595,
    "coord": {
      "lat": 15.71667,
      "lon": -91.533333
    },
    "name": "San Rafael La Independencia"
  },
  {
    "country": "GT",
    "id": 3589632,
    "coord": {
      "lat": 15.5,
      "lon": -91.76667
    },
    "name": "San Pedro Necta"
  },
  {
    "country": "GT",
    "id": 3589640,
    "coord": {
      "lat": 15.09444,
      "lon": -91.15139
    },
    "name": "San Pedro Jocopilas"
  },
  {
    "country": "GT",
    "id": 3589669,
    "coord": {
      "lat": 14.71667,
      "lon": -91.26667
    },
    "name": "San Pablo La Laguna"
  },
  {
    "country": "GT",
    "id": 3589677,
    "coord": {
      "lat": 14.93333,
      "lon": -92
    },
    "name": "San Pablo"
  },
  {
    "country": "GT",
    "id": 3589706,
    "coord": {
      "lat": 14.9,
      "lon": -91.616669
    },
    "name": "San Miguel Siguila"
  },
  {
    "country": "GT",
    "id": 3589709,
    "coord": {
      "lat": 14.53333,
      "lon": -91.366669
    },
    "name": "San Miguel Panan"
  },
  {
    "country": "GT",
    "id": 3589720,
    "coord": {
      "lat": 15.25,
      "lon": -91.75
    },
    "name": "San Miguel Ixtahuacan"
  },
  {
    "country": "GT",
    "id": 3589727,
    "coord": {
      "lat": 14.52389,
      "lon": -90.798332
    },
    "name": "San Miguel Duenas"
  },
  {
    "country": "GT",
    "id": 3589734,
    "coord": {
      "lat": 15.7,
      "lon": -91.616669
    },
    "name": "San Miguel Acatan"
  },
  {
    "country": "GT",
    "id": 3589770,
    "coord": {
      "lat": 15.83194,
      "lon": -91.478058
    },
    "name": "San Mateo Ixtatan"
  },
  {
    "country": "GT",
    "id": 3589774,
    "coord": {
      "lat": 14.86667,
      "lon": -91.583328
    },
    "name": "San Mateo"
  },
  {
    "country": "GT",
    "id": 3589776,
    "coord": {
      "lat": 14.6,
      "lon": -91.599998
    },
    "name": "San Martin Zapotitlan"
  },
  {
    "country": "GT",
    "id": 3589778,
    "coord": {
      "lat": 14.81667,
      "lon": -91.650002
    },
    "name": "San Martin Sacatepequez"
  },
  {
    "country": "GT",
    "id": 3589795,
    "coord": {
      "lat": 14.71667,
      "lon": -91.26667
    },
    "name": "San Marcos La Laguna"
  },
  {
    "country": "GT",
    "id": 3589812,
    "coord": {
      "lat": 14.51667,
      "lon": -89.76667
    },
    "name": "San Manuel Chaparron"
  },
  {
    "country": "GT",
    "id": 3589822,
    "coord": {
      "lat": 14.65,
      "lon": -89.73333
    },
    "name": "San Luis Jilotepeque"
  },
  {
    "country": "GT",
    "id": 3589824,
    "coord": {
      "lat": 15.78722,
      "lon": -91.095001
    },
    "name": "San Luis Ixcan"
  },
  {
    "country": "GT",
    "id": 3589841,
    "coord": {
      "lat": 16.198891,
      "lon": -89.440277
    },
    "name": "San Luis"
  },
  {
    "country": "GT",
    "id": 3589865,
    "coord": {
      "lat": 15.03333,
      "lon": -91.73333
    },
    "name": "San Lorenzo"
  },
  {
    "country": "GT",
    "id": 3589869,
    "coord": {
      "lat": 14.48333,
      "lon": -91.51667
    },
    "name": "San Lorenzo"
  },
  {
    "country": "GT",
    "id": 3589880,
    "coord": {
      "lat": 14.08222,
      "lon": -90.261108
    },
    "name": "San Juan Tecuaco"
  },
  {
    "country": "GT",
    "id": 3589896,
    "coord": {
      "lat": 14.7,
      "lon": -91.283333
    },
    "name": "San Juan La Laguna"
  },
  {
    "country": "GT",
    "id": 3589900,
    "coord": {
      "lat": 15.59972,
      "lon": -91.445282
    },
    "name": "San Juan Ixcoy"
  },
  {
    "country": "GT",
    "id": 3589903,
    "coord": {
      "lat": 14.76667,
      "lon": -89.433327
    },
    "name": "San Juan Ermita"
  },
  {
    "country": "GT",
    "id": 3589913,
    "coord": {
      "lat": 15.43417,
      "lon": -91.034172
    },
    "name": "San Juan Cotzal"
  },
  {
    "country": "GT",
    "id": 3589917,
    "coord": {
      "lat": 15.43333,
      "lon": -90.333328
    },
    "name": "San Juan Chamelco"
  },
  {
    "country": "GT",
    "id": 3589923,
    "coord": {
      "lat": 14.41667,
      "lon": -91.183327
    },
    "name": "San Juan Bautista"
  },
  {
    "country": "GT",
    "id": 3589925,
    "coord": {
      "lat": 15.43333,
      "lon": -91.633331
    },
    "name": "San Juan Atitan"
  },
  {
    "country": "GT",
    "id": 3589983,
    "coord": {
      "lat": 15.21667,
      "lon": -91.966667
    },
    "name": "San Jose Ojetenan"
  },
  {
    "country": "GT",
    "id": 3590017,
    "coord": {
      "lat": 14.71667,
      "lon": -89.583328
    },
    "name": "San Jose La Arada"
  },
  {
    "country": "GT",
    "id": 3590029,
    "coord": {
      "lat": 14.45,
      "lon": -91.416672
    },
    "name": "San Jose El Idolo"
  },
  {
    "country": "GT",
    "id": 3590030,
    "coord": {
      "lat": 14.76278,
      "lon": -90.376389
    },
    "name": "San Jose del Golfo"
  },
  {
    "country": "GT",
    "id": 3590053,
    "coord": {
      "lat": 14.26528,
      "lon": -90.126938
    },
    "name": "San Jose Acatempa"
  },
  {
    "country": "GT",
    "id": 3590069,
    "coord": {
      "lat": 16.98333,
      "lon": -89.900002
    },
    "name": "San Jose"
  },
  {
    "country": "GT",
    "id": 3590127,
    "coord": {
      "lat": 14.66667,
      "lon": -89.5
    },
    "name": "San Jacinto"
  },
  {
    "country": "GT",
    "id": 3590188,
    "coord": {
      "lat": 15.38333,
      "lon": -91.716667
    },
    "name": "San Gaspar Ixchil"
  },
  {
    "country": "GT",
    "id": 3590195,
    "coord": {
      "lat": 14.51667,
      "lon": -91.51667
    },
    "name": "San Gabriel"
  },
  {
    "country": "GT",
    "id": 3590213,
    "coord": {
      "lat": 14.91667,
      "lon": -91.533333
    },
    "name": "San Francisco La Union"
  },
  {
    "country": "GT",
    "id": 3590249,
    "coord": {
      "lat": 16.799999,
      "lon": -89.933327
    },
    "name": "San Francisco"
  },
  {
    "country": "GT",
    "id": 3590318,
    "coord": {
      "lat": 14.91667,
      "lon": -91.433327
    },
    "name": "San Cristobal Totonicapan"
  },
  {
    "country": "GT",
    "id": 3590323,
    "coord": {
      "lat": 14.9,
      "lon": -91.783333
    },
    "name": "San Cristobal Cucho"
  },
  {
    "country": "GT",
    "id": 3590325,
    "coord": {
      "lat": 14.91667,
      "lon": -89.883331
    },
    "name": "San Cristobal Acasaguastlan"
  },
  {
    "country": "GT",
    "id": 3590347,
    "coord": {
      "lat": 14.98333,
      "lon": -91.550003
    },
    "name": "San Carlos Sija"
  },
  {
    "country": "GT",
    "id": 3590384,
    "coord": {
      "lat": 14.53333,
      "lon": -91.449997
    },
    "name": "San Bernardino"
  },
  {
    "country": "GT",
    "id": 3590395,
    "coord": {
      "lat": 15.19278,
      "lon": -91.077217
    },
    "name": "San Bartolome Jocotenango"
  },
  {
    "country": "GT",
    "id": 3590399,
    "coord": {
      "lat": 15.08444,
      "lon": -91.455833
    },
    "name": "San Bartolo"
  },
  {
    "country": "GT",
    "id": 3590419,
    "coord": {
      "lat": 14.96667,
      "lon": -91.73333
    },
    "name": "San Antonio Sacatepequez"
  },
  {
    "country": "GT",
    "id": 3590424,
    "coord": {
      "lat": 14.7,
      "lon": -91.116669
    },
    "name": "San Antonio Palopo"
  },
  {
    "country": "GT",
    "id": 3590449,
    "coord": {
      "lat": 14.74972,
      "lon": -90.286667
    },
    "name": "San Antonio La Paz"
  },
  {
    "country": "GT",
    "id": 3590456,
    "coord": {
      "lat": 15.05472,
      "lon": -91.229721
    },
    "name": "San Antonio Ilotenango"
  },
  {
    "country": "GT",
    "id": 3590458,
    "coord": {
      "lat": 15.65,
      "lon": -91.76667
    },
    "name": "San Antonio Huista"
  },
  {
    "country": "GT",
    "id": 3590475,
    "coord": {
      "lat": 14.53972,
      "lon": -90.76944
    },
    "name": "San Antonio Aguas Calientes"
  },
  {
    "country": "GT",
    "id": 3590520,
    "coord": {
      "lat": 14.9,
      "lon": -91.48333
    },
    "name": "San Andres Xecul"
  },
  {
    "country": "GT",
    "id": 3590522,
    "coord": {
      "lat": 14.56667,
      "lon": -91.583328
    },
    "name": "San Andres Villa Seca"
  },
  {
    "country": "GT",
    "id": 3590526,
    "coord": {
      "lat": 15.21667,
      "lon": -90.916672
    },
    "name": "San Andres Sajcabaja"
  },
  {
    "country": "GT",
    "id": 3590537,
    "coord": {
      "lat": 16.966669,
      "lon": -89.916672
    },
    "name": "San Andres"
  },
  {
    "country": "GT",
    "id": 3590567,
    "coord": {
      "lat": 14.58084,
      "lon": -91.461349
    },
    "name": "Samayac"
  },
  {
    "country": "GT",
    "id": 3590605,
    "coord": {
      "lat": 14.88333,
      "lon": -91.449997
    },
    "name": "Salcaja"
  },
  {
    "country": "GT",
    "id": 3590616,
    "coord": {
      "lat": 15.1,
      "lon": -90.26667
    },
    "name": "Salama"
  },
  {
    "country": "GT",
    "id": 3590690,
    "coord": {
      "lat": 15.28667,
      "lon": -91.087219
    },
    "name": "Sacapulas"
  },
  {
    "country": "GT",
    "id": 3590804,
    "coord": {
      "lat": 14.4,
      "lon": -91.316673
    },
    "name": "Rio Bravo"
  },
  {
    "country": "GT",
    "id": 3590987,
    "coord": {
      "lat": 14.27028,
      "lon": -90.040283
    },
    "name": "Quesada"
  },
  {
    "country": "GT",
    "id": 3591028,
    "coord": {
      "lat": 15.26667,
      "lon": -90.199997
    },
    "name": "Purulha"
  },
  {
    "country": "GT",
    "id": 3591092,
    "coord": {
      "lat": 14.22583,
      "lon": -90.474167
    },
    "name": "Pueblo Nuevo Vinas"
  },
  {
    "country": "GT",
    "id": 3591106,
    "coord": {
      "lat": 14.65,
      "lon": -91.533333
    },
    "name": "Pueblo Nuevo"
  },
  {
    "country": "GT",
    "id": 3591517,
    "coord": {
      "lat": 14.96667,
      "lon": -91.216667
    },
    "name": "Patzite"
  },
  {
    "country": "GT",
    "id": 3591574,
    "coord": {
      "lat": 14.59667,
      "lon": -90.754723
    },
    "name": "Pastores"
  },
  {
    "country": "GT",
    "id": 3591618,
    "coord": {
      "lat": 13.97722,
      "lon": -90.20639
    },
    "name": "Pasaco"
  },
  {
    "country": "GT",
    "id": 3591750,
    "coord": {
      "lat": 14.73333,
      "lon": -91.150002
    },
    "name": "Panajachel"
  },
  {
    "country": "GT",
    "id": 3591841,
    "coord": {
      "lat": 14.93333,
      "lon": -91.699997
    },
    "name": "Palestina de los Altos"
  },
  {
    "country": "GT",
    "id": 3591885,
    "coord": {
      "lat": 14.71667,
      "lon": -92.033333
    },
    "name": "Pajapita"
  },
  {
    "country": "GT",
    "id": 3591955,
    "coord": {
      "lat": 14.92472,
      "lon": -90.662781
    },
    "name": "Pachalum"
  },
  {
    "country": "GT",
    "id": 3592019,
    "coord": {
      "lat": 14.22806,
      "lon": -90.175827
    },
    "name": "Oratorio"
  },
  {
    "country": "GT",
    "id": 3592035,
    "coord": {
      "lat": 14.68333,
      "lon": -89.349998
    },
    "name": "Olopa"
  },
  {
    "country": "GT",
    "id": 3592086,
    "coord": {
      "lat": 14.50944,
      "lon": -92.193329
    },
    "name": "Ocos"
  },
  {
    "country": "GT",
    "id": 3592108,
    "coord": {
      "lat": 14.8,
      "lon": -91.916672
    },
    "name": "Nuevo Progreso"
  },
  {
    "country": "GT",
    "id": 3592145,
    "coord": {
      "lat": 14.2,
      "lon": -91.300003
    },
    "name": "Nueva Concepcion"
  },
  {
    "country": "GT",
    "id": 3592217,
    "coord": {
      "lat": 15.8,
      "lon": -91.75
    },
    "name": "Nenton"
  },
  {
    "country": "GT",
    "id": 3592322,
    "coord": {
      "lat": 14.03861,
      "lon": -90.080833
    },
    "name": "Moyuta"
  },
  {
    "country": "GT",
    "id": 3592642,
    "coord": {
      "lat": 14.20306,
      "lon": -90.848061
    },
    "name": "Masagua"
  },
  {
    "country": "GT",
    "id": 3592751,
    "coord": {
      "lat": 15.21667,
      "lon": -91.51667
    },
    "name": "Malacatancito"
  },
  {
    "country": "GT",
    "id": 3592753,
    "coord": {
      "lat": 14.9,
      "lon": -92.050003
    },
    "name": "Malacatan"
  },
  {
    "country": "GT",
    "id": 3593376,
    "coord": {
      "lat": 15.82826,
      "lon": -88.750389
    },
    "name": "Livingston"
  },
  {
    "country": "GT",
    "id": 3593500,
    "coord": {
      "lat": 14.96667,
      "lon": -89.283333
    },
    "name": "La Union"
  },
  {
    "country": "GT",
    "id": 3594315,
    "coord": {
      "lat": 15.56667,
      "lon": -89.966667
    },
    "name": "Lanquin"
  },
  {
    "country": "GT",
    "id": 3594422,
    "coord": {
      "lat": 16.783331,
      "lon": -90.116669
    },
    "name": "La Libertad"
  },
  {
    "country": "GT",
    "id": 3594423,
    "coord": {
      "lat": 15.5,
      "lon": -91.833328
    },
    "name": "La Libertad"
  },
  {
    "country": "GT",
    "id": 3595181,
    "coord": {
      "lat": 14.81667,
      "lon": -89.383331
    },
    "name": "Jocotan"
  },
  {
    "country": "GT",
    "id": 3595224,
    "coord": {
      "lat": 14.1,
      "lon": -89.75
    },
    "name": "Jerez"
  },
  {
    "country": "GT",
    "id": 3595232,
    "coord": {
      "lat": 14.14167,
      "lon": -90.008614
    },
    "name": "Jalpatagua"
  },
  {
    "country": "GT",
    "id": 3595255,
    "coord": {
      "lat": 13.93333,
      "lon": -90.707497
    },
    "name": "Iztapa"
  },
  {
    "country": "GT",
    "id": 3595282,
    "coord": {
      "lat": 15.41667,
      "lon": -91.76667
    },
    "name": "Ixtahuacan"
  },
  {
    "country": "GT",
    "id": 3595329,
    "coord": {
      "lat": 15.2,
      "lon": -91.883331
    },
    "name": "Ixchiguan"
  },
  {
    "country": "GT",
    "id": 3595366,
    "coord": {
      "lat": 14.61667,
      "lon": -89.616669
    },
    "name": "Ipala"
  },
  {
    "country": "GT",
    "id": 3595403,
    "coord": {
      "lat": 14.93333,
      "lon": -89.716667
    },
    "name": "Huite"
  },
  {
    "country": "GT",
    "id": 3595406,
    "coord": {
      "lat": 15.1,
      "lon": -91.616669
    },
    "name": "Huitan"
  },
  {
    "country": "GT",
    "id": 3595554,
    "coord": {
      "lat": 14.22528,
      "lon": -90.643333
    },
    "name": "Guanagazapa"
  },
  {
    "country": "GT",
    "id": 3595674,
    "coord": {
      "lat": 14.61667,
      "lon": -91.833328
    },
    "name": "Genova"
  },
  {
    "country": "GT",
    "id": 3595721,
    "coord": {
      "lat": 14.65,
      "lon": -91.816673
    },
    "name": "Flores Costa Cuca"
  },
  {
    "country": "GT",
    "id": 3595778,
    "coord": {
      "lat": 14.93333,
      "lon": -91.816673
    },
    "name": "Esquipulas Palo Gordo"
  },
  {
    "country": "GT",
    "id": 3595929,
    "coord": {
      "lat": 14.86667,
      "lon": -91.933327
    },
    "name": "El Tumbador"
  },
  {
    "country": "GT",
    "id": 3596249,
    "coord": {
      "lat": 14.91667,
      "lon": -91.966667
    },
    "name": "El Rodeo"
  },
  {
    "country": "GT",
    "id": 3596389,
    "coord": {
      "lat": 14.76667,
      "lon": -91.816673
    },
    "name": "El Quetzal"
  },
  {
    "country": "GT",
    "id": 3596423,
    "coord": {
      "lat": 14.35,
      "lon": -89.849998
    },
    "name": "El Progreso"
  },
  {
    "country": "GT",
    "id": 3596940,
    "coord": {
      "lat": 14.91667,
      "lon": -89.900002
    },
    "name": "El Jicaro"
  },
  {
    "country": "GT",
    "id": 3597301,
    "coord": {
      "lat": 14.96417,
      "lon": -90.48056
    },
    "name": "El Chol"
  },
  {
    "country": "GT",
    "id": 3597587,
    "coord": {
      "lat": 14.6,
      "lon": -91.73333
    },
    "name": "El Asintal"
  },
  {
    "country": "GT",
    "id": 3597676,
    "coord": {
      "lat": 14.16667,
      "lon": -89.833328
    },
    "name": "El Adelanto"
  },
  {
    "country": "GT",
    "id": 3597722,
    "coord": {
      "lat": 16.51417,
      "lon": -89.415833
    },
    "name": "Dolores"
  },
  {
    "country": "GT",
    "id": 3597750,
    "coord": {
      "lat": 14.53333,
      "lon": -91.566673
    },
    "name": "Cuyotenango"
  },
  {
    "country": "GT",
    "id": 3597772,
    "coord": {
      "lat": 15.3375,
      "lon": -91.026939
    },
    "name": "Cunen"
  },
  {
    "country": "GT",
    "id": 3597802,
    "coord": {
      "lat": 15.4,
      "lon": -91.966667
    },
    "name": "Cuilco"
  },
  {
    "country": "GT",
    "id": 3597966,
    "coord": {
      "lat": 14.04417,
      "lon": -90.031113
    },
    "name": "Conguaco"
  },
  {
    "country": "GT",
    "id": 3597976,
    "coord": {
      "lat": 15.28333,
      "lon": -91.783333
    },
    "name": "Concepcion Tutuapa"
  },
  {
    "country": "GT",
    "id": 3597985,
    "coord": {
      "lat": 14.51667,
      "lon": -89.449997
    },
    "name": "Concepcion Las Minas"
  },
  {
    "country": "GT",
    "id": 3597993,
    "coord": {
      "lat": 14.85,
      "lon": -91.616669
    },
    "name": "Concepcion Chiquirichapa"
  },
  {
    "country": "GT",
    "id": 3598005,
    "coord": {
      "lat": 15.61667,
      "lon": -91.683327
    },
    "name": "Concepcion"
  },
  {
    "country": "GT",
    "id": 3598006,
    "coord": {
      "lat": 14.78333,
      "lon": -91.150002
    },
    "name": "Concepcion"
  },
  {
    "country": "GT",
    "id": 3598031,
    "coord": {
      "lat": 14.11667,
      "lon": -89.916672
    },
    "name": "Comapa"
  },
  {
    "country": "GT",
    "id": 3598041,
    "coord": {
      "lat": 15.40602,
      "lon": -91.712669
    },
    "name": "Colotenango"
  },
  {
    "country": "GT",
    "id": 3598129,
    "coord": {
      "lat": 14.66667,
      "lon": -92.150002
    },
    "name": "Ciudad Tecun Uman"
  },
  {
    "country": "GT",
    "id": 3598277,
    "coord": {
      "lat": 14.82167,
      "lon": -90.508614
    },
    "name": "Chuarrancho"
  },
  {
    "country": "GT",
    "id": 3598462,
    "coord": {
      "lat": 14.08583,
      "lon": -90.376671
    },
    "name": "Chiquimulilla"
  },
  {
    "country": "GT",
    "id": 3598670,
    "coord": {
      "lat": 15.4,
      "lon": -90.76667
    },
    "name": "Chicaman"
  },
  {
    "country": "GT",
    "id": 3598692,
    "coord": {
      "lat": 15.35472,
      "lon": -91.458328
    },
    "name": "Chiantla"
  },
  {
    "country": "GT",
    "id": 3598804,
    "coord": {
      "lat": 15.48528,
      "lon": -91.034172
    },
    "name": "Chajul"
  },
  {
    "country": "GT",
    "id": 3598825,
    "coord": {
      "lat": 15.75,
      "lon": -89.566673
    },
    "name": "Chahal"
  },
  {
    "country": "GT",
    "id": 3598958,
    "coord": {
      "lat": 14.85,
      "lon": -92.083328
    },
    "name": "Catarina"
  },
  {
    "country": "GT",
    "id": 3599094,
    "coord": {
      "lat": 15.16667,
      "lon": -90.849998
    },
    "name": "Canilla"
  },
  {
    "country": "GT",
    "id": 3599253,
    "coord": {
      "lat": 14.91667,
      "lon": -91.616669
    },
    "name": "Cajola"
  },
  {
    "country": "GT",
    "id": 3599265,
    "coord": {
      "lat": 15.56667,
      "lon": -89.816673
    },
    "name": "Cahabon"
  },
  {
    "country": "GT",
    "id": 3599287,
    "coord": {
      "lat": 15.13333,
      "lon": -91.616669
    },
    "name": "Cabrican"
  },
  {
    "country": "GT",
    "id": 3599575,
    "coord": {
      "lat": 15.80361,
      "lon": -91.315826
    },
    "name": "Barillas"
  },
  {
    "country": "GT",
    "id": 3599633,
    "coord": {
      "lat": 14.17444,
      "lon": -89.7425
    },
    "name": "Atescatempa"
  },
  {
    "country": "GT",
    "id": 3599793,
    "coord": {
      "lat": 14.81667,
      "lon": -91.5
    },
    "name": "Almolonga"
  },
  {
    "country": "GT",
    "id": 3599972,
    "coord": {
      "lat": 14.5,
      "lon": -89.650002
    },
    "name": "Agua Blanca"
  }

]